[
  {"model": "assignments.assignment", "pk": 1, "fields": {"title": "Midterm One", "overview": "Duis at magna nunc. Donec vulputate tellus sed urna volutpat pulvinar. Aliquam blandit libero id urna faucibus, vitae fringilla purus volutpat.", "slug": "midterm-one", "created": "2021-12-11T04:53:51.458Z", "weight": "30.000", "course": 3, "opens": null, "closes": null, "time_limit": "01:00:00"}}, {"model": "assignments.assignment", "pk": 2, "fields": {"title": "Quiz One", "overview": "Nunc ultricies venenatis metus quis aliquet. Quisque convallis semper orci, eget porta enim hendrerit et. Suspendisse mattis non mi non bibendum.", "slug": "quiz-one", "created": "2021-12-11T10:04:10.346Z", "weight": "20.000", "course": 3, "opens": null, "closes": null, "time_limit": "01:00:00"}}, {"model": "assignments.assignment", "pk": 3, "fields": {"title": "Final Exam", "overview": "In consectetur auctor arcu at auctor. Maecenas feugiat consectetur risus, nec tempus sem lobortis sed. Integer vehicula odio id sapien tristique tincidunt. Sed nec sollicitudin felis.", "slug": "final-exam", "created": "2021-12-11T10:04:10.349Z", "weight": "50.000", "course": 3, "opens": null, "closes": null, "time_limit": "01:00:00"}}, {"model": "assignments.attempt", "pk": 1, "fields": {"assignment": 1, "enrollment": 4, "created": "2021-12-11T06:15:40.167Z"}}, {"model": "assignments.attempt", "pk": 2, "fields": {"assignment": 1, "enrollment": 4, "created": "2021-12-11T06:48:07.590Z"}}, {"model": "assignments.question", "pk": 5, "fields": {"assignment": 1, "order": 1, "question": "<p>He an thing rapid these after going drawn or. Timed she his law the spoil round defer. In surprise concerns informed betrayed he learning is ye. Ignorant formerly so ye blessing. He as spoke avoid given downs money on we.</p>", "multiple": false}}, {"model": "assignments.question", "pk": 6, "fields": {"assignment": 1, "order": 2, "question": "<p>Donec lacinia iaculis odio, at rutrum odio hendrerit vitae. Praesent ut leo in nisl blandit ultrices. Suspendisse potenti. Duis sed nunc sit amet nibh blandit ornare.</p>", "multiple": true}}, {"model": "assignments.question", "pk": 7, "fields": {"assignment": 1, "order": 3, "question": "<p>Donec maximus mauris nec nisi tincidunt condimentum. Integer non gravida magna, a cursus sapien. Praesent sodales odio dapibus diam eleifend euismod.</p>", "multiple": false}}, {"model": "assignments.question", "pk": 8, "fields": {"assignment": 2, "order": 1, "question": "<p>Phasellus dui purus, vehicula quis convallis sit amet, hendrerit eget sem. Pellentesque in eleifend dui. Cras volutpat sodales mauris euismod volutpat. Curabitur nulla quam, consequat eget mattis vitae, ornare id tellus. Morbi lacinia consectetur egestas. In sit amet augue placerat, aliquam leo a, semper dolor.</p>", "multiple": true}}, {"model": "assignments.question", "pk": 9, "fields": {"assignment": 2, "order": 2, "question": "<p>Cras mi nibh, porttitor ac tristique pretium, accumsan vel tortor. Vestibulum posuere risus eget aliquet lacinia?</p>", "multiple": false}}, {"model": "assignments.question", "pk": 10, "fields": {"assignment": 2, "order": 3, "question": "<p>Curabitur a leo viverra, volutpat nisl et, vehicula libero. Nulla vel pretium orci. Cras porttitor tincidunt quam?</p>", "multiple": false}}, {"model": "assignments.question", "pk": 11, "fields": {"assignment": 3, "order": 1, "question": "<p>Nunc laoreet nec elit id laoreet. Ut ullamcorper orci eu elit rutrum posuere. Nam mattis id erat nec molestie. Integer fringilla eros nec ex molestie finibus.?</p>", "multiple": false}}, {"model": "assignments.question", "pk": 12, "fields": {"assignment": 3, "order": 2, "question": "<p>Ut lectus tellus, ultrices accumsan pretium eget, aliquam at felis. Morbi sodales lacus nec aliquam facilisis.&nbsp;Phasellus pellentesque est id efficitur placerat.</p>", "multiple": false}}, {"model": "assignments.question", "pk": 13, "fields": {"assignment": 3, "order": 3, "question": "<p>Etiam lorem nisi, sodales ac dolor quis, imperdiet euismod ipsum. Morbi bibendum leo tristique tempor facilisis. Proin a vestibulum lacus. Vestibulum scelerisque commodo ante non elementum.?</p>", "multiple": true}}, {"model": "assignments.textchoice", "pk": 9, "fields": {"question": 5, "order": "", "point": "0.00", "content": "<p>Maecenas vel purus nisl. Aliquam quis cursus diam.</p>"}}, {"model": "assignments.textchoice", "pk": 10, "fields": {"question": 5, "order": "", "point": "0.00", "content": "<p>Aenean id sollicitudin nulla. Donec vulputate metus sit amet nunc pretium ultricies</p>"}}, {"model": "assignments.textchoice", "pk": 11, "fields": {"question": 5, "order": "", "point": "1.00", "content": "<p>Nam rutrum quis lorem ac ornare. Phasellus in tincidunt libero, ac rhoncus leo</p>"}}, {"model": "assignments.textchoice", "pk": 12, "fields": {"question": 6, "order": "", "point": "0.00", "content": "<p>Aliquam quis cursus diam. Mauris molestie laoreet ipsum eget dignissim.</p>"}}, {"model": "assignments.textchoice", "pk": 13, "fields": {"question": 6, "order": "", "point": "0.50", "content": "<p>ros pretium tristique. Maecenas ut enim a dolor ornare porttitor at a lacus.</p>"}}, {"model": "assignments.textchoice", "pk": 14, "fields": {"question": 6, "order": "", "point": "0.00", "content": "<p>et magna id, rhoncus sollicitudin enim. Integer eget magna a leo sagittis gravida nec vitae nisl.</p>"}}, {"model": "assignments.textchoice", "pk": 15, "fields": {"question": 6, "order": "", "point": "0.50", "content": "<p>Aliquam consectetur sagittis eros, sit amet aliquet dolor.</p>"}}, {"model": "assignments.textchoice", "pk": 16, "fields": {"question": 7, "order": "", "point": "0.00", "content": "<p>Duis ultrices mattis est, id rutrum ante posuere quis</p>"}}, {"model": "assignments.textchoice", "pk": 17, "fields": {"question": 7, "order": "", "point": "1.00", "content": "<p>Vestibulum quis varius velit.</p>"}}, {"model": "assignments.textchoice", "pk": 18, "fields": {"question": 7, "order": "", "point": "0.00", "content": "<p>Pellentesque hendrerit ex at molestie interdum</p>"}}, {"model": "assignments.textchoice", "pk": 19, "fields": {"question": 8, "order": "1", "point": "0.25", "content": "<p>Vestibulum vitae condimentum nisl</p>"}}, {"model": "assignments.textchoice", "pk": 20, "fields": {"question": 8, "order": "2", "point": "-0.50", "content": "<p>Phasellus pulvinar, felis at iaculis vehicula, metus sapien vehicula dui, sit amet bibendum eros sem et enim.</p>"}}, {"model": "assignments.textchoice", "pk": 21, "fields": {"question": 8, "order": "3", "point": "0.50", "content": "<p>Cras mi nibh, porttitor ac tristique pretium, accumsan vel tortor</p>"}}, {"model": "assignments.textchoice", "pk": 22, "fields": {"question": 8, "order": "", "point": "0.25", "content": "<p>Mauris rhoncus nisl non lorem placerat convallis.</p>"}}, {"model": "assignments.textchoice", "pk": 23, "fields": {"question": 9, "order": "1", "point": "1.00", "content": "<p>Nam rutrum gravida orci. Maecenas ornare lacinia dui at venenatis.</p>"}}, {"model": "assignments.textchoice", "pk": 24, "fields": {"question": 9, "order": "2", "point": "0.00", "content": "<p>Nullam a rhoncus velit.</p>"}}, {"model": "assignments.textchoice", "pk": 25, "fields": {"question": 9, "order": "3", "point": "0.00", "content": "<p>Vivamus risus justo, blandit bibendum suscipit in</p>"}}, {"model": "assignments.textchoice", "pk": 26, "fields": {"question": 10, "order": "1", "point": "0.00", "content": "<p>Vestibulum posuere risus eget aliquet lacinia</p>"}}, {"model": "assignments.textchoice", "pk": 27, "fields": {"question": 10, "order": "2", "point": "1.00", "content": "<p>Nam scelerisque nibh sit amet convallis iaculis</p>"}}, {"model": "assignments.textchoice", "pk": 28, "fields": {"question": 10, "order": "3", "point": "0.00", "content": "<p>Curabitur a leo viverra, volutpat nisl et, vehicula libero. Nulla vel pretium orci.</p>"}}, {"model": "assignments.textchoice", "pk": 29, "fields": {"question": 11, "order": "1", "point": "1.00", "content": "<p>Phasellus blandit eros nec metus elementum fermentum.</p>"}}, {"model": "assignments.textchoice", "pk": 30, "fields": {"question": 11, "order": "2", "point": "0.00", "content": "<p>Fusce malesuada egestas nunc et tincidunt. Donec condimentum efficitur ultricies.</p>"}}, {"model": "assignments.textchoice", "pk": 31, "fields": {"question": 11, "order": "3", "point": "0.00", "content": "<p>Aliquam at mattis urna.</p>"}}, {"model": "assignments.textchoice", "pk": 32, "fields": {"question": 12, "order": "1", "point": "1.00", "content": "<p>In vitae nibh nibh.</p>"}}, {"model": "assignments.textchoice", "pk": 33, "fields": {"question": 12, "order": "2", "point": "0.00", "content": "<p>Quisque quis euismod metus.</p>"}}, {"model": "assignments.textchoice", "pk": 34, "fields": {"question": 12, "order": "3", "point": "0.00", "content": "<p>Duis non erat eget massa gravida blandit sit amet quis velit.</p>"}}, {"model": "assignments.textchoice", "pk": 35, "fields": {"question": 12, "order": "4", "point": "0.00", "content": "<p>In a orci elementum, pellentesque felis pulvinar, sodales felis.</p>"}}, {"model": "assignments.textchoice", "pk": 36, "fields": {"question": 13, "order": "1", "point": "0.50", "content": "<p>Quisque tristique suscipit nunc, at imperdiet odio maximus ut.</p>"}}, {"model": "assignments.textchoice", "pk": 37, "fields": {"question": 13, "order": "2", "point": "-0.50", "content": "<p>Quisque pretium quam vitae lacinia luctus.</p>"}}, {"model": "assignments.textchoice", "pk": 38, "fields": {"question": 13, "order": "3", "point": "-0.50", "content": "<p>In eget consectetur nibh, sed commodo libero.</p>"}}, {"model": "assignments.textchoice", "pk": 39, "fields": {"question": 13, "order": "4", "point": "0.50", "content": "<p>Donec magna turpis, efficitur egestas commodo ac, viverra non diam</p>"}}]
